id,Localização,Endereço,Taxa a.a (%),Área (m²),Latitude,Longitude,Índice Fiscal,dist_paulista_km,dist_faria_lima_km,dist_berrini_km,dist_vila_olimpia_km,dist_marg_tiete_km,dist_marg_pinheiros_km,dist_dutra_km,Padrão,Estado,DATA,Tipologia,Escritório,Regiao_original,Regiao_final
1,Vila Olímpia,"Rua Helena, 335",0.146192744981985,102,-23.5931321,-46.6859992,8652,4.662,0.799,0.729,0.251,8.665,3.635,21.682,5.273,0.8065,2026,Conjunto,1,Vila Olímpia,Vila Olímpia
2,Vila Olímpia,"Rua Helena, 335",0.146192448144828,102,-23.5931321,-46.6859992,8652,4.662,0.799,0.729,0.251,8.665,3.635,21.682,5.273,0.8065,2025,Conjunto,1,Vila Olímpia,Vila Olímpia
3,Vila Olímpia,"Rua Helena, 218",0.0963855421686747,469,-23.593054,-46.6862009,8530,4.669,0.801,0.727,0.266,8.669,3.613,21.691,5.273,0.713,2025,Laje,1,Vila Olímpia,Vila Olímpia
4,Vila Olímpia,"Rua Helena, 218",0.0963855421686747,469,-23.593054,-46.6862009,8530,4.669,0.801,0.727,0.266,8.669,3.613,21.691,5.273,0.713,2026,Laje,1,Vila Olímpia,Vila Olímpia
5,Brooklin,"R. Samuel Morse, 120",0.0923368557127998,86,-23.6114829,-46.694172,7078,6.787,2.999,1.485,2.014,10.836,4.667,23.724,6.371,0.858,2024,Conjunto,1,Berrini,Chucri Zaidan
6,Bela Vista,"Avenida Paulista, 1754 ",0.0923076923076923,102,-23.5601652,-46.6570294,28640,0.167,3.925,5.429,4.854,4.008,6.108,17.014,5.273,0.6874,2025,Conjunto,1,Paulista / Jardins,Paulista
7,Vila Olímpia,"R. Gomes de Carvalho, 1356",0.0900024620992368,283,-23.5934609,-46.6916632,9797,5.084,1.208,0.63,0.68,9.023,3.208,22.122,6.371,0.8628,2024,Laje,1,Vila Olímpia,Vila Olímpia
8,Vila Olímpia,"Avenida Doutor Cardoso de Melo, 1450",0.0890945184562065,300,-23.5973148,-46.6873222,7825,5.106,1.276,0.285,0.304,9.129,3.823,22.106,6.371,0.8278,2025,Laje,1,Vila Olímpia,Vila Olímpia
9,Vila Olímpia,"R. Funchal, 129",0.0890052171336454,214,-23.5952887,-46.6904286,8432,5.142,1.256,0.399,0.523,9.116,3.438,22.172,6.371,0.8065,2024,Laje,1,Vila Olímpia,Vila Olímpia
10,Itaim Bibi,"Rua Urussuí, 300",0.0864,134,-23.5843126,-46.6768993,10624,3.314,0.616,2.066,1.492,7.34,4.046,20.333,5.273,0.8278,2025,Conjunto,1,Faria Lima Sul / Itaim,Itaim
11,Pinheiros,"Av. Brigadeiro Faria Lima, 1656 ",0.0840054082580768,448,-23.5721606,-46.6904462,18747,3.699,1.827,2.963,2.626,7.155,2.512,20.463,5.273,0.713,2024,Conjunto,1,Faria Lima Sul / Itaim,Faria Lima
12,Vila Olímpia,"Av. Magalhães Castro, 4800",0.0840011304957106,1840,-23.6022979,-46.6981966,540,6.252,2.365,0.958,1.527,10.209,3.573,23.283,5.273,0.5466,2024,Laje,1,Vila Olímpia,Marginal Pinheiros
13,Brooklin,"Avenida Doutor Chucri Zaidan, 1550",0.084,100,-23.6136538,-46.6960079,3542,7.092,3.297,1.776,2.314,11.14,4.805,24.028,5.273,0.8278,2026,Sala,1,Chucri Zaidan,Chucri Zaidan
14,itaim Bibi,"Avenida Nove de Julho, 4939",0.0830769230769231,94,-23.5775486,-46.6733735,8123,2.515,1.373,2.884,2.318,6.511,4.26,19.552,5.273,0.8065,2025,Conjunto,1,Faria Lima Sul / Itaim,Jardins
15,Brooklin,"Rua Geraldo Flausino Gomes, 85",0.0816326530612245,98,-23.607725,-46.6949729,6863,6.498,2.661,1.133,1.697,10.524,4.26,23.478,6.371,0.7377,2025,Sala,1,Berrini,Chucri Zaidan
16,Brooklin,"Rua Geraldo Flausino Gomes, 85",0.0816326530612245,80,-23.607725,-46.6949729,6863,6.498,2.661,1.133,1.697,10.524,4.26,23.478,5.273,0.6874,2026,Conjunto,1,Berrini,Chucri Zaidan
17,Vila Leopoldina,"Avenida Mofarrej, 348 ",0.0805369127516779,130,-23.52642,-46.7398091,3197,9.378,8.913,9.537,9.462,10.228,5.874,22.331,6.371,0.8827,2025,Conjunto,1,Marginal Pinheiros,Barra Funda
18,Brooklin,"Av. Engenheiro Luiz Carlos Berrini, 105",0.0801814635758439,918,-23.5987682,-46.6900801,6453,5.409,1.549,0.049,0.621,9.417,3.738,22.419,6.371,0.9199,2024,Laje,1,Berrini,Chucri Zaidan
19,Jardim Das Acácias,"Av. Roque Petroni Júnior, 850",0.0796499825765663,531,-23.6238277,-46.6953196,4770,8.01,4.326,2.843,3.332,12.089,5.882,24.818,7.929,0.858,2022,Conjunto,1,Chucri Zaidan,Chucri Zaidan
20,Vila Olímpia,"R. Gomes de Carvalho, 1356",0.0789610721051313,282,-23.5934609,-46.6916632,9797,5.084,1.208,0.63,0.68,9.023,3.208,22.122,7.929,0.9017,2022,Conjunto,1,Vila Olímpia,Vila Olímpia
21,Vila Olímpia,"R. Gomes de Carvalho, 1356",0.0789544179226529,565,-23.5934609,-46.6916632,9797,5.084,1.208,0.63,0.68,9.023,3.208,22.122,7.929,0.9017,2022,Conjunto,1,Vila Olímpia,Vila Olímpia
22,Vila Olímpia,"Av. Brigadeiro Faria Lima, 4509",0.0787150974510147,264,-23.5957347,-46.6796982,14103,4.512,1.028,1.065,0.573,8.584,4.328,21.439,6.371,0.8827,2024,Laje,1,Vila Olímpia,Vila Olímpia
23,Jardim Paulista,"Rua Pamplona, 145",0.0771428571428571,100,-23.5676762,-46.657618,8423,0.715,3.294,4.754,4.171,4.793,5.892,17.635,6.371,0.8827,2025,Conjunto,1,Paulista / Jardins,Jardins
24,Brooklin,"Avenida Eng. Luiz Carlos Berrini, 1748",0.076271186440678,86,-23.6004352,-46.6910367,12670,5.614,1.758,0.233,0.817,9.625,3.813,22.619,5.273,0.8728,2025,Sala,1,Berrini,Chucri Zaidan
25,Itaim Bibi,"Rua Tabapuã, 82",0.0757894736842105,116,-23.5819528,-46.6714644,12293,2.77,1.229,2.631,2.047,6.837,4.522,19.755,5.273,0.713,2025,Conjunto,1,Faria Lima Sul / Itaim,Itaim
26,Brooklin,"Avenida Eng. Luiz Carlos Berrini, 105",0.0750823636363636,918,-23.5987682,-46.6900801,6453,5.409,1.549,0.049,0.621,9.417,3.738,22.419,6.371,0.9222,2025,Laje,1,Berrini,Chucri Zaidan
27,Brooklin,"Avenida Eng. Luiz Carlos Berrini, 105",0.0750823636363636,918,-23.5987682,-46.6900801,6453,5.409,1.549,0.049,0.621,9.417,3.738,22.419,6.371,0.9222,2026,Laje,1,Berrini,Chucri Zaidan
28,Perdizes,"R. Ministro Ferreira Alves, 97",0.0736983761940035,31,-23.532249,-46.6817216,5930,4.163,6.066,7.444,7.02,4.332,5.759,17.219,7.929,0.9222,2022,Conjunto,1,Pinheiros / Rebouças,Barra Funda
29,Chácara Santo Antônio,"R. Luiz Seráphico Júnior, 51",0.0732393936388535,650,-23.6356222,-46.7149803,2512,10.203,6.369,4.843,5.408,14.235,6.841,27.133,7.929,0.8728,2022,Conjunto,1,Chácara Sto Antônio,Chácara Santo Antônio
30,Itaim Bibi,"R. Arminda, 93",0.0719994355199097,196,-23.5930524,-46.6735216,8777,3.942,1.133,1.759,1.226,8.032,4.723,20.79,5.273,0.8278,2022,Conjunto,1,JK / Vila Nova Conceição,JK
31,Itaim Bibi,"Avenida Presidente Juscelino Kubitschek, 1400",0.0715789461126501,1500,-23.5906084,-46.6826038,15776,4.224,0.425,1.157,0.59,8.242,3.777,21.239,6.371,0.8728,2025,Laje,1,Vila Olímpia,Faria Lima
32,Itaim Bibi,"Avenida Presidente Juscelino Kubitschek, 1400",0.0715789461126501,1500,-23.5906084,-46.6826038,15776,4.224,0.425,1.157,0.59,8.242,3.777,21.239,6.371,0.8728,2026,Laje,1,Vila Olímpia,Faria Lima
33,Perdizes,"R. Ministro Ferreira Alves, 97",0.0709095474242094,76,-23.532249,-46.6817216,5930,4.163,6.066,7.444,7.02,4.332,5.759,17.219,5.273,0.858,2022,Conjunto,1,Pinheiros / Rebouças,Barra Funda
34,Perdizes,"R. Ministro Ferreira Alves, 97",0.0709068600111545,32,-23.532249,-46.6817216,5930,4.163,6.066,7.444,7.02,4.332,5.759,17.219,5.273,0.858,2022,Conjunto,1,Pinheiros / Rebouças,Barra Funda
35,Vila Olímpia,"Rua Fidêncio Ramos, 213",0.07,80,-23.5948472,-46.6858799,7798,4.8,0.966,0.58,0.078,8.818,3.759,21.808,5.273,0.7844,2026,Sala,1,Vila Olímpia,Vila Olímpia
36,Jardim Paulistano,"Av. Brigadeiro Faria Lima, 1656",0.0698880268370023,448,-23.5721606,-46.6904462,18747,3.699,1.827,2.963,2.626,7.155,2.512,20.463,5.273,0.8065,2022,Conjunto,1,Faria Lima Sul / Itaim,Faria Lima
37,Marajoara,"Avenida Washington Luís, 6675",0.069,584,-23.6548618,-46.6915088,2506,11.001,7.626,6.237,6.653,15.08,9.294,27.275,7.929,0.8065,2026,Prédio Comercial,0,Chácara Sto Antônio,Chácara Santo Antônio
38,Vila Olímpia,"Avenida Doutor Cardoso de Melo, 1657",0.0685714285714286,90,-23.5963899,-46.6892886,5034,5.155,1.282,0.27,0.424,9.152,3.607,22.175,5.273,0.7377,2025,Conjunto,1,Vila Olímpia,Vila Olímpia
39,Vila Olímpia,"Avenida Doutor Cardoso de Melo, 1657",0.0685714285714286,990,-23.5963899,-46.6892886,5034,5.155,1.282,0.27,0.424,9.152,3.607,22.175,5.273,0.7377,2026,Conjunto,1,Vila Olímpia,Vila Olímpia
40,Vila Olímpia,"Av. Dr. Cardoso de Melo, 1666",0.068422708032544,288,-23.5963497,-46.6893741,7567,5.158,1.283,0.273,0.431,9.153,3.597,22.178,5.273,0.7844,2022,Conjunto,1,Vila Olímpia,Vila Olímpia
41,Itaim Bibi,"R. Joaquim Floriano, 72",0.0680033463993307,752,-23.5835503,-46.6707987,11323,2.883,1.226,2.559,1.972,6.962,4.626,19.834,5.273,0.7497,2024,Laje,1,Faria Lima Sul / Itaim,Itaim
42,Vila Olímpia,"R. Fidêncio Ramos, 100",0.06792264897054,282,-23.594287,-46.6847518,7771,4.68,0.869,0.704,0.126,8.704,3.813,21.683,5.273,0.7844,2024,Conjunto,1,Vila Olímpia,Vila Olímpia
43,Cidade Monções,"R. Geraldo Flausino Gomes, 78",0.0677115722133338,375,-23.6078471,-46.6954127,7078,6.536,2.695,1.167,1.734,10.559,4.25,23.519,5.273,0.7511,2024,Conjunto,1,Berrini,Chucri Zaidan
44,Bela Vista,"R. Bela Cintra, 772",0.0669767441860465,400,-23.5543715,-46.6596629,8319,0.862,4.281,5.806,5.248,3.59,6.052,16.786,5.273,0.7497,2024,Laje,1,Paulista / Jardins,Paulista
45,Pinheiros,"Avenida Brigadeiro Faria Lima, 1461",0.0666666666666667,726,-23.5703173,-46.6909281,18863,3.686,2.033,3.17,2.837,7.052,2.489,20.373,6.371,0.7844,2025,Laje,1,Faria Lima Norte,Faria Lima
46,Vila Cordeiro,"Av. Doutor Chucri Zaidan, 1550",0.0657161117822434,304,-23.624728,-46.7003845,3542,8.364,4.602,3.085,3.615,12.427,5.823,25.236,6.371,0.8065,2024,Laje,1,Chucri Zaidan,Chácara Santo Antônio
47,Vila Clementino,"R. Borges Lagoa, 1070",0.0654501722981568,212,-23.5967252,-46.6471093,7449,4.033,3.752,4.336,3.895,7.692,7.362,19.387,5.273,0.8771,2024,Laje,1,Chucri Zaidan,Jardins
48,Vila Olímpia,"R. Fidêncio Ramos, 223",0.06455,110,-23.5948472,-46.6858799,7798,4.8,0.966,0.58,0.078,8.818,3.759,21.808,6.371,0.7497,2024,Conjunto,1,Vila Olímpia,Vila Olímpia
49,Brooklin,"Avenida das Nações Unidas, 18801",0.0642857142857143,130,-23.6112892,-46.6981068,3663,7.007,3.164,1.637,2.205,11.03,4.479,23.985,6.371,0.8728,2025,Conjunto,1,Berrini,Chucri Zaidan
50,Brooklin,"Avenida das Nações Unidas, 18801",0.0642857142857143,130,-23.6112892,-46.6981068,3663,7.007,3.164,1.637,2.205,11.03,4.479,23.985,6.371,0.8728,2026,Conjunto,1,Berrini,Chucri Zaidan
51,Vila Clementino,"Rua Doutora Neyde Apparecida Sollitto, 432",0.064,102,-23.5934222,-46.6487655,4343,3.638,3.496,4.204,3.729,7.347,7.083,19.194,5.273,0.8628,2025,Conjunto,1,Chucri Zaidan,Jardins
52,Brooklin,"Rua James Joule, 92",0.0638608695652174,376,-23.6110632,-46.6956348,7211,6.836,3.021,1.496,2.045,10.874,4.559,23.793,5.273,0.713,2025,Laje,1,Berrini,Chucri Zaidan
53,Brooklin,"Rua James Joule, 92",0.0638608695652174,376,-23.6110632,-46.6956348,7211,6.836,3.021,1.496,2.045,10.874,4.559,23.793,5.273,0.713,2026,Laje,1,Berrini,Chucri Zaidan
54,Itaim Bibi,"Rua Urussuí, 300",0.0635294117647059,134,-23.5843126,-46.6768993,10624,3.314,0.616,2.066,1.492,7.34,4.046,20.333,5.273,0.8278,2026,Conjunto,1,Faria Lima Sul / Itaim,Itaim
55,Brooklin,"Avenida Eng. Luiz Carlos Berrini, 55",0.0631578947368421,1008,-23.6004352,-46.6910367,6453,5.614,1.758,0.233,0.817,9.625,3.813,22.619,6.371,0.875,2025,Laje,1,Berrini,Chucri Zaidan
56,Brooklin,"Avenida Eng. Luiz Carlos Berrini, 55",0.0631578947368421,1008,-23.6004352,-46.6910367,6453,5.614,1.758,0.233,0.817,9.625,3.813,22.619,6.371,0.875,2026,Laje,1,Berrini,Chucri Zaidan
57,Itaim Bibi,"R. Urussuí, 125",0.0629969937003006,110,-23.5860767,-46.6763476,10656,3.433,0.612,1.956,1.373,7.48,4.158,20.432,5.273,0.7844,2024,Conjunto,1,Faria Lima Sul / Itaim,Itaim
58,Cerqueira César,"R. Haddock Lobo, 347",0.062908596865001,480,-23.5620377,-46.6659896,13170,1.01,3.216,4.743,4.19,4.658,5.172,17.832,5.273,0.8278,2022,Conjunto,1,Pinheiros / Rebouças,Jardins
59,Itaim Bibi,"Rua Bandeira Paulista, 477",0.0623169230769231,116,-23.5798017,-46.6772505,10595,2.972,0.933,2.459,1.909,6.936,3.899,20.011,5.273,0.713,2025,Conjunto,1,Faria Lima Sul / Itaim,Itaim
60,Brooklin,"Av. Nova Independência, 87",0.0623036446677361,214,-23.6066981,-46.692127,5254,6.233,2.429,0.915,1.446,10.273,4.309,23.195,5.273,0.7615,2024,Conjunto,1,Berrini,Chucri Zaidan
61,Vila Olímpia,"Av. Doutor Cardoso de Melo, 1184",0.0616991209791382,304,-23.5983569,-46.6850398,9768,5.058,1.315,0.467,0.341,9.106,4.074,22.026,6.371,0.8628,2024,Laje,1,Vila Olímpia,Vila Olímpia
62,Perdizes,"R. Ministro Ferreira Alves, 97",0.0616478223780832,467,-23.532249,-46.6817216,5930,4.163,6.066,7.444,7.02,4.332,5.759,17.219,5.273,0.858,2022,Conjunto,1,Pinheiros / Rebouças,Barra Funda
63,Consolação,"Avenida Angélica, 672",0.0604026845637584,130,-23.5482548,-46.6589799,11309,1.491,4.901,6.429,5.879,3.011,6.392,16.297,5.273,0.8278,2025,Conjunto,1,Paulista / Jardins,Paulista
64,Alto de Pinheiros,"Avenida Professor Fonseca Rodrigues, 1117",0.06,915,-23.5538216,-46.7089291,2892,5.45,4.562,5.375,5.203,7.642,2.338,20.825,5.273,0.8065,2025,Laje,1,Pinheiros / Rebouças,Marginal Pinheiros
65,Brooklin,"Rua Flórida, 1670 ",0.06,160,-23.6072505,-46.6944575,7029,6.424,2.59,1.062,1.624,10.451,4.239,23.404,5.273,0.7497,2025,Conjunto,1,Berrini,Chucri Zaidan
66,Itaim Bibi,"Rua Iguatemi, 192",0.06,196,-23.585195,-46.6818302,10704,3.725,0.185,1.707,1.178,7.694,3.598,20.763,6.371,0.8628,2025,Conjunto,1,Faria Lima Sul / Itaim,Faria Lima
67,Alto de Pinheiros,"Avenida Professor Fonseca Rodrigues, 1117",0.06,915,-23.5538216,-46.7089291,2892,5.45,4.562,5.375,5.203,7.642,2.338,20.825,5.273,0.8065,2026,Laje,1,Pinheiros / Rebouças,Marginal Pinheiros
68,Itaim Bibi,"Rua Iguatemi, 192",0.06,196,-23.585195,-46.6818302,10704,3.725,0.185,1.707,1.178,7.694,3.598,20.763,6.371,0.8628,2026,Conjunto,1,Faria Lima Sul / Itaim,Faria Lima
69,Brooklin,"R. Pitu, 72",0.0599965604577718,456,-23.6147405,-46.6886934,4960,6.798,3.174,1.775,2.189,10.88,5.254,23.614,5.273,0.713,2024,Laje,1,Berrini,Chucri Zaidan
70,Chácara Santo Antônio,"R. Henri Dunant, 873",0.059,538,-23.6276443,-46.6996316,3334,8.599,4.873,3.366,3.882,12.671,6.156,25.427,5.273,0.8728,2022,Conjunto,1,Chucri Zaidan,Chácara Santo Antônio
71,Itaim Bibi,"Rua Doutor Renato Paes de Barros, 778 ",0.0585,125,-23.5855308,-46.6731249,11037,3.195,0.946,2.235,1.649,7.267,4.453,20.157,5.273,0.7497,2025,Conjunto,1,Faria Lima Sul / Itaim,Itaim
72,Bela Vista,"Av. Paulista, 1754",0.0573869631841764,273,-23.5601652,-46.6570294,28640,0.167,3.925,5.429,4.854,4.008,6.108,17.014,5.273,0.6197,2024,Conjunto,1,Paulista / Jardins,Paulista
73,Vila Olímpia,"Av. Doutor Cardoso de Melo, 900",0.057138679364151,196,-23.5994798,-46.6825723,9705,5.021,1.41,0.72,0.542,9.09,4.346,21.942,6.371,0.7844,2024,Conjunto,1,Vila Olímpia,Vila Olímpia
74,Bela Vista,"Alameda Santos, 200",0.056,250,-23.5709361,-46.6466046,13158,1.436,4.043,5.366,4.784,4.84,6.979,17.124,6.371,0.9017,2024,Conjunto,1,Paulista / Jardins,Paulista
75,Brooklin,"Av. das Nações Unidas, 11857",0.0558092850203767,260,-23.6038315,-46.695668,13122,6.206,2.333,0.834,1.42,10.201,3.848,23.22,6.371,0.661,2024,Laje,1,Berrini,Chucri Zaidan
76,Perdizes,"R. Ministro Ferreira Alves, 97",0.0557108426862138,81,-23.532249,-46.6817216,5930,4.163,6.066,7.444,7.02,4.332,5.759,17.219,5.273,0.858,2022,Conjunto,1,Pinheiros / Rebouças,Barra Funda
77,Itaim Bibi,"Avenida Presidente Juscelino Kubitschek, 200",0.0552631578947369,486,-23.5856233,-46.6724299,10240,3.166,1.014,2.282,1.696,7.243,4.524,20.115,5.273,0.8481,2025,Laje,1,Faria Lima Sul / Itaim,Itaim
78,Itaim Bibi,"Avenida Presidente Juscelino Kubitschek, 200",0.0552631578947369,486,-23.5856233,-46.6724299,10240,3.166,1.014,2.282,1.696,7.243,4.524,20.115,6.371,0.8065,2026,Laje,1,Faria Lima Sul / Itaim,Itaim
79,Campo Belo,"Rua Vieira de Morais, 420",0.0551724137931035,100,-23.6182734,-46.6766523,5806,6.662,3.547,2.536,2.702,10.739,6.277,23.121,5.273,0.6874,2025,Conjunto,1,Chucri Zaidan,Chucri Zaidan
80,Itaim Bibi,"Rua Joaquim Floriano, 72",0.0534545454545455,1464,-23.5835503,-46.6707987,11323,2.883,1.226,2.559,1.972,6.962,4.626,19.834,5.273,0.7497,2025,Laje,1,Faria Lima Sul / Itaim,Itaim
81,Itaim Bibi,"Rua Joaquim Floriano, 72",0.0534545454545455,1464,-23.5835503,-46.6707987,11323,2.883,1.226,2.559,1.972,6.962,4.626,19.834,5.273,0.7497,2026,Laje,1,Faria Lima Sul / Itaim,Itaim
82,Vila Clementino,"R. Borges Lagoa, 913",0.0528026231031606,33,-23.5968578,-46.645613,7236,4.085,3.902,4.487,4.048,7.693,7.51,19.309,5.273,0.9614,2022,Conjunto,1,Chucri Zaidan,Jardins
83,Itaim Bibi,"R. Leopoldo Couto Magalhães Júnior, 110",0.05222,300,-23.5892049,-46.6839228,540,4.195,0.314,1.214,0.692,8.184,3.585,21.226,5.273,0.8278,2024,Laje,1,Faria Lima Sul / Itaim,Pinheiros
84,Vila Olímpia,"R. Gomes de Carvalho, 1329",0.0521446153846154,416,-23.5934609,-46.6916632,9610,5.084,1.208,0.63,0.68,9.023,3.208,22.122,7.929,0.8676,2022,Conjunto,1,Vila Olímpia,Vila Olímpia
85,Jardim Paulista,"Rua José Maria Lisboa, 747",0.052,145,-23.5673461,-46.6587893,13183,0.716,3.228,4.7,4.118,4.807,5.778,17.695,6.371,0.904,2025,Sala,1,Paulista / Jardins,Jardins
86,Vila Olímpia,"Av. Dr. Cardoso de Melo, 1855",0.0519551833743413,384,-23.5958746,-46.6912273,6394,5.245,1.359,0.365,0.607,9.216,3.425,22.276,5.273,0.8628,2022,Conjunto,1,Vila Olímpia,Vila Olímpia
87,Itaim Bibi,"Av. Brigadeiro Faria Lima, 2179",0.051429,175,-23.5904846,-46.6813034,18863,4.13,0.422,1.253,0.673,8.16,3.887,21.135,6.371,0.9199,2024,Conjunto,1,Vila Olímpia,Faria Lima
88,Vila Olímpia,"R. Funchal, 418",0.0505447932606942,460,-23.5936301,-46.6905142,6936,5.014,1.13,0.582,0.563,8.97,3.308,22.05,6.371,0.9109,2024,Laje,1,Vila Olímpia,Vila Olímpia
89,Perdizes,"R. Ministro Ferreira Alves, 97",0.0494498079051312,32,-23.532249,-46.6817216,5930,4.163,6.066,7.444,7.02,4.332,5.759,17.219,5.273,0.858,2022,Conjunto,1,Pinheiros / Rebouças,Barra Funda
90,Itaim Bibi,"Av. Brigadeiro Faria Lima, 3144",0.0479996546787433,413,-23.583857,-46.6836902,17037,3.761,0.357,1.767,1.283,7.681,3.37,20.798,6.371,0.6874,2024,Laje,1,Faria Lima Sul / Itaim,Faria Lima
91,Vila Olímpia,"R. do Rocio, 313",0.0478513683153402,502,-23.5944861,-46.6868911,7664,4.835,0.974,0.553,0.186,8.84,3.653,21.853,5.273,0.8065,2022,Conjunto,1,Vila Olímpia,Vila Olímpia
92,Vila Cordeiro,"Av. das Nações Unidas, 11633",0.0475467628054687,188,-23.6204519,-46.7006298,13122,7.982,4.182,2.657,3.203,12.03,5.358,24.902,5.273,0.5765,2024,Conjunto,1,Chucri Zaidan,Chácara Santo Antônio
93,Moema,"Avenida Moema, 265",0.0461538461538462,52,-23.6046208,-46.6581706,8263,4.811,3.158,3.267,2.952,8.741,6.712,20.765,5.273,0.8278,2025,Sala,1,JK / Vila Nova Conceição,JK
94,Moema,"Avenida Moema, 265",0.0461538461538462,52,-23.6046208,-46.6581706,8263,4.811,3.158,3.267,2.952,8.741,6.712,20.765,5.273,0.8278,2026,Sala,1,JK / Vila Nova Conceição,JK
95,Brooklin,"R. Bacaetava, 401",0.0450985762869099,351,-23.6217683,-46.6951536,3221,7.804,4.103,2.616,3.11,11.879,5.673,24.635,6.371,0.8481,2024,Laje,1,Chucri Zaidan,Chucri Zaidan
96,Pinheiros,"Av. Brigadeiro Faria Lima, 1713 ",0.0450035963997123,162,-23.5722492,-46.6895301,18849,3.614,1.778,2.952,2.599,7.094,2.604,20.397,5.273,0.6197,2024,Conjunto,1,Faria Lima Sul / Itaim,Faria Lima
97,Conceição,"R. Ibirajá, 345",0.044004,300,-23.6322558,-46.6406869,3173,8.034,6.597,6.219,6.128,11.604,9.957,22.37,5.273,0.979,2024,Conjunto,1,JK / Vila Nova Conceição,JK
98,Consolação,"R. Antônio Carlos, 690",0.0439991912001618,180,-23.5541696,-46.6605248,12699,0.922,4.253,5.78,5.224,3.623,5.978,16.838,5.273,0.6596,2024,Conjunto,1,Paulista / Jardins,Paulista
99,Bela Vista,"R. Augusta, 1168",0.0419540528275831,236,-23.5543024,-46.6565962,8817,0.791,4.463,5.983,5.417,3.414,6.347,16.545,5.273,0.8065,2024,Laje,1,Paulista / Jardins,Paulista
100,Pinheiros,"R. dos Pinheiros, 1673",0.06342857142857143,1056,-23.5675442,-46.6938267,7115,3.905,2.442,3.502,3.206,7.078,2.278,20.416,7.929,0.8887,2026,Laje,1,Faria Lima Norte,Faria Lima
101,Pinheiros,"Av. Eusébio Matoso, 1375",0.06,775,-23.5726621,-46.703427,2375,4.983,2.666,3.23,3.122,8.2,1.19,21.54,6.069,0.6872,2026,Laje,1,Faria Lima Norte,Marginal Pinheiros
102,Pinheiros,"Rua Cardeal Arcoverde, 2365",0.06260869565217392,466,-23.5653267,-46.6930013,540,3.786,2.625,3.738,3.424,6.86,2.445,20.2,6.371,0.8691,2026,Sala,1,Faria Lima Norte,Faria Lima
103,Itaim Bibi,"Avenida Presidente Juscelino Kubitschek, 1400",0.1285714102040842,432,-23.5903217,-46.6827442,15776,4.209,0.394,1.173,0.612,8.222,3.75,21.227,6.069,0.747,2026,Sala,1,Vila Olímpia,Faria Lima
104,Jardim Paulista,"Avenida Brigadeiro Luís Antônio, 2543",0.07350000000000001,464,-23.5697578,-46.6506924,11556,1.08,3.737,5.114,4.528,4.792,6.572,17.309,6.371,0.8578,2026,Sala,1,Paulista / Jardins,Jardins
105,Itaim Bibi,"Avenida Brigadeiro Faria Lima, 2055",0.08363636363636363,270,-23.575003,-46.6880014,18892,3.586,1.435,2.651,2.274,7.202,2.753,20.473,6.069,0.7306,2026,Sala,1,Faria Lima Norte,Faria Lima
106,Bela Vista,"Avenida Paulista, 1634",0.06800000000000002,257,-23.5608862,-46.6561773,28403,0.058,3.923,5.42,4.843,4.043,6.173,17.006,6.371,0.8534,2026,Sala,1,Paulista / Jardins,Paulista
107,Jardim São Luís,"Av. Maria Coelho Aguiar, 215",0.04666647914000271,2844,-23.6487404,-46.7287951,1415,12.214,8.359,6.84,7.413,16.228,8.418,29.159,8.722,0.88,2026,Conjunto,1,Chácara Sto Antônio,Chácara Santo Antônio
108,Itaim Bibi,"Av. Brigadeiro Faria Lima, 4300",0.1714281632662779,136,-23.5942084,-46.6809465,14778,4.441,0.835,1.019,0.46,8.498,4.128,21.404,6.371,0.8225,2026,Sala,1,Vila Olímpia,Vila Olímpia
109,Itaim Bibi,"Av. Brigadeiro Faria Lima, 3732 – Itaim Bibi, SP",0.05014102031387703,525,-23.5889923,-46.6825017,16331,4.081,0.245,1.309,0.757,8.084,3.703,21.105,7.929,0.8463,2026,Conjunto,1,Vila Olímpia,Faria Lima
110,Itaim Bibi,"Avenida Brigadeiro Faria Lima, 3311",0.1186516853932584,376,-23.5847385,-46.6826797,17084,3.751,0.232,1.715,1.204,7.702,3.5,20.79,6.371,0.8225,2026,Conjunto,1,Faria Lima Sul / Itaim,Faria Lima
111,Itaim Bibi,"Rua Doutor Renato Paes de Barros, 955",0.04615384615384616,175,-23.5869338,-46.6724266,11854,3.291,1.006,2.192,1.608,7.372,4.567,20.219,6.371,0.8345,2026,Laje,1,Faria Lima Sul / Itaim,Itaim
112,Itaim Bibi,"Rua Joaquim Floriano, 72",0.03142857142857143,106,-23.5833803,-46.6707554,11323,2.864,1.236,2.574,1.988,6.943,4.626,19.817,6.069,0.6092,2026,Sala,1,Faria Lima Sul / Itaim,Itaim
113,Itaim Bibi,"Rua Tenente Negrão, 140",0.05761024182076814,170,-23.5850759,-46.6721385,501,3.099,1.053,2.344,1.758,7.175,4.535,20.051,6.069,0.6092,2026,Conjunto,1,Faria Lima Sul / Itaim,Itaim
114,Itaim Bibi,"Rua Bandeira Paulista, 530",0.06704545454545455,163,-23.5841492,-46.6759857,10907,3.241,0.708,2.14,1.561,7.277,4.13,20.254,6.069,0.6721,2026,Conjunto,1,Faria Lima Sul / Itaim,Itaim
115,Itaim Bibi,"venida Brigadeiro Faria Lima, 4300",0.1199997818185785,107,-23.5942084,-46.6809465,14778,4.441,0.835,1.019,0.46,8.498,4.128,21.404,6.371,0.8463,2026,Sala,1,Vila Olímpia,Vila Olímpia
116,Itaim Bibi,"Rua Professor Atílio Innocenti, 474",0.03870917794609102,108,-23.5914182,-46.6804183,8423,4.157,0.548,1.245,0.659,8.202,4.016,21.145,6.371,0.8578,2026,Sala,1,Vila Olímpia,Faria Lima
117,Itaim Bibi,"Rua Urussuí, 125",0.031799841000795,107,-23.5836979,-46.6773488,10656,3.292,0.611,2.092,1.523,7.306,3.983,20.318,6.069,0.6721,2026,Sala,1,Faria Lima Sul / Itaim,Itaim
118,Itaim Bibi,"Rua Joaquim Floriano, 1052",0.132631439335327,133,-23.5859728,-46.6801504,10920,3.671,0.238,1.721,1.162,7.672,3.789,20.699,6.069,0.6872,2026,Conjunto,1,Faria Lima Sul / Itaim,Itaim
119,Itaim Bibi,"Avenida Brigadeiro Faria Lima, 4300",0.1714281632662779,136,-23.5942084,-46.6809465,14778,4.441,0.835,1.019,0.46,8.498,4.128,21.404,6.371,0.8463,2026,Sala,1,Vila Olímpia,Vila Olímpia
120,Bela Vista,"Avenida Paulista, 1294",0.06985074626865671,500,-23.563109,-46.6542073,29545,0.271,3.891,5.363,4.781,4.192,6.315,17.031,6.069,0.2729,2026,Conjunto,1,Paulista / Jardins,Paulista
121,Jardim Paulistano,"Av. Brigadeiro Faria Lima, 2012",0.06728971962616823,201,-23.5746148,-46.6882119,18715,3.588,1.483,2.693,2.319,7.186,2.731,20.461,6.069,0.2354,2026,Conjunto,1,Faria Lima Norte,Faria Lima
122,Itaim Bibi,"enida Brigadeiro Faria Lima, 3015",0.06382978723404256,181,-23.5832048,-46.6834269,17084,3.693,0.416,1.845,1.358,7.607,3.373,20.729,6.069,0.6871,2026,Conjunto,1,Faria Lima Sul / Itaim,Faria Lima
123,Itaim Bibi,"Avenida Brigadeiro Faria Lima, 2179",0.07492682926829268,203,-23.5761085,-46.6873212,18863,3.578,1.294,2.534,2.144,7.245,2.83,20.499,6.371,0.8534,2026,Conjunto,1,Faria Lima Norte,Faria Lima
124,Itaim Bibi,"Avenida Brigadeiro Faria Lima, 1188",0.035625,138,-23.5685394,-46.6927259,18650,3.816,2.292,3.38,3.07,7.061,2.353,20.395,6.069,0.6254,2026,Sala,1,Faria Lima Norte,Faria Lima
125,Itaim Bibi,"Avenida Brigadeiro Faria Lima, 1461",0.09428571428571429,181,-23.5703143,-46.6908586,18863,3.679,2.03,3.17,2.835,7.046,2.496,20.367,6.069,0.4037,2026,Conjunto,1,Faria Lima Norte,Faria Lima
126,Cerqueira César,"Rua Amália de Noronha, 151",0.05333333333333333,300,-23.551495,-46.6793051,6468,2.609,3.938,5.364,4.909,4.832,4.422,18.164,6.069,0.6092,2026,Sala,1,Pinheiros / Rebouças,Pinheiros
127,Brooklin,"Rua André Ampére, 34",0.0611999082001377,134,-23.6100934,-46.693528,7022,6.623,2.832,1.318,1.846,10.67,4.561,23.567,6.069,0.6871,2026,Sala,1,Berrini,Chucri Zaidan
128,Brooklin,"Avenida Doutor Chucri Zaidan, 1550",0.06576206402293358,161,-23.6143409,-46.6956354,3542,7.133,3.35,1.834,2.365,11.186,4.89,24.058,6.371,0.8691,2026,Sala,1,Berrini,Chucri Zaidan
129,Itaim Bibi,"Avenida Presidente Juscelino Kubitschek, 1726",0.07015375981075715,142,-23.5910536,-46.6857325,15776,4.471,0.588,0.947,0.474,8.457,3.528,21.501,6.371,0.8345,2026,Sala,1,Vila Olímpia,JK
130,Vila Olímpia,"Rua Helena, 140",0.07879518072289157,105,-23.5928376,-46.6856947,8530,4.617,0.755,0.773,0.277,8.62,3.641,21.637,6.069,0.6721,2026,Conjunto,1,Vila Olímpia,Vila Olímpia
131,Vila Olímpia,"Rua Pedroso Alvarenga, 691",0.08101621621621621,87,-23.5818329,-46.6768913,12273,3.107,0.78,2.288,1.725,7.106,3.978,20.141,6.069,0.6871,2026,Sala,1,Faria Lima Sul / Itaim,Itaim
132,Vila Olímpia,"Rua Júlio Diniz, 56",0.1236734693877551,115,-23.5980127,-46.6844957,9597,4.995,1.267,0.527,0.313,9.045,4.091,21.96,6.069,0.6872,2026,Conjunto,1,Vila Olímpia,Vila Olímpia
133,Vila Olímpia,"Rua Casa do Ator, 1007",0.1146067415730337,119,-23.5972129,-46.6829848,5982,4.834,1.16,0.697,0.318,8.891,4.153,21.789,6.069,0.6721,2026,Conjunto,1,Vila Olímpia,Vila Olímpia
134,Vila Olímpia,"Rua Funchal, 573",0.06091370558375634,167,-23.5957368,-46.6902867,7016,5.169,1.284,0.348,0.51,9.148,3.483,22.197,6.069,0.7445,2026,Conjunto,1,Vila Olímpia,Vila Olímpia
135,Vila Olímpia,"Rua Ramos Batista, 152",0.08615384615384615,130,-23.5920111,-46.6845501,8796,4.471,0.623,0.914,0.374,8.48,3.687,21.49,6.069,0.6568,2026,Conjunto,1,Vila Olímpia,JK
136,Vila Olímpia,"Rua Olimpíadas, 134",0.08626933575978162,499,-23.5952485,-46.6851208,7819,4.787,0.982,0.604,0.019,8.815,3.847,21.785,6.069,0.6872,2026,Laje,1,Vila Olímpia,Vila Olímpia
137,Vila Olímpia,"Rua Fidêncio Ramos, 160",0.0942856581632987,133,-23.5945348,-46.685436,7771,4.745,0.918,0.636,0.086,8.765,3.774,21.751,6.371,0.8463,2026,Conjunto,1,Vila Olímpia,Vila Olímpia
138,Vila Olímpia,"Rua Fidêncio Ramos, 223",0.07341154878956238,130,-23.5950897,-46.6857367,7798,4.812,0.986,0.57,0.05,8.833,3.787,21.817,6.371,0.8345,2026,Conjunto,1,Vila Olímpia,Vila Olímpia
139,Vila Olímpia,"Rua Gomes de Carvalho, 1069",0.07348322863284115,197,-23.5978582,-46.6831255,9760,4.901,1.232,0.668,0.361,8.96,4.187,21.851,6.069,0.747,2026,Conjunto,1,Vila Olímpia,Vila Olímpia
140,Vila Olímpia,"Avenida Doutor Cardoso de Melo, 900",0.05436734693877551,197,-23.5990144,-46.6824936,9705,4.973,1.358,0.725,0.502,9.041,4.318,21.899,6.069,0.6568,2026,Conjunto,1,Vila Olímpia,Vila Olímpia
141,Vila Olímpia,"Rua Helena, 260",0.07078651685393259,222,-23.593371,-46.6865498,8530,4.719,0.849,0.679,0.249,8.718,3.605,21.741,6.069,0.7019,2026,Conjunto,1,Vila Olímpia,Vila Olímpia
142,Vila Olímpia,"Rua Ramos Batista, 444",0.1273469387755102,110,-23.5944462,-46.6837009,7350,4.628,0.862,0.772,0.189,8.663,3.91,21.62,6.371,0.8102,2026,Conjunto,1,Vila Olímpia,Vila Olímpia
143,Vila Olímpia,"Rua Helena, 140",0.07866662296298724,122,-23.5928376,-46.6856947,8530,4.617,0.755,0.773,0.277,8.62,3.641,21.637,6.069,0.6721,2026,Conjunto,1,Vila Olímpia,Vila Olímpia
144,Vila Olímpia,"Rua do Rocio, 423",0.15,68,-23.5946885,-46.6876175,7664,4.901,1.031,0.5,0.246,8.9,3.609,21.921,6.371,0.8654,2026,Sala,1,Vila Olímpia,Vila Olímpia
145,Jardim Vila Mariana,"Rua Vergueiro, 3111",0.07500000000000001,200,-23.5876914,-46.6329951,6509,3.754,5.025,5.899,5.397,6.681,8.493,17.735,6.069,0.6872,2026,Sala,1,JK / Vila Nova Conceição,JK
146,Jardim Paulista,"Alameda Joaquim Eugênio de Lima, 739",0.0340535938703531,104,-23.5678326,-46.6521787,13433,0.819,3.724,5.138,4.552,4.625,6.44,17.258,6.069,0.623,2026,Sala,1,Paulista / Jardins,Jardins
147,Bela Vista,"Rua Cincinato Braga, 340",0.06845333333333334,202,-23.5677136,-46.6464224,8893,1.211,4.228,5.596,5.011,4.483,7.025,16.846,6.069,0.5069,2026,Conjunto,1,Paulista / Jardins,Paulista
148,Itaim Bibi,"Rua Bandeira Paulista, 702",0.08727272727272728,300,-23.5855752,-46.6755043,10925,3.337,0.706,2.056,1.472,7.389,4.222,20.331,6.069,0.7325,2026,Conjunto,1,Faria Lima Sul / Itaim,Itaim
149,Itaim Bibi,"Rua Bandeira Paulista, 600",0.1116279069767442,196,-23.5846377,-46.6758909,10907,3.278,0.696,2.105,1.525,7.319,4.154,20.286,6.069,0.6412,2026,Conjunto,1,Faria Lima Sul / Itaim,Itaim
150,Paraíso,"Rua Pirapitingui, 80",0.06439024390243903,238,-23.5631366,-46.6379182,4008,1.863,5.233,6.593,6.009,3.921,7.95,15.888,6.069,0.4706,2026,Conjunto,1,Paulista / Jardins,Paulista
151,Bela Vista,"Alameda Ministro Rocha Azevedo, 38",0.07565217391304348,135,-23.5582226,-46.656667,13225,0.358,4.114,5.623,5.051,3.799,6.202,16.841,6.069,0.5183,2026,Conjunto,1,Paulista / Jardins,Paulista
152,Itaim Bibi,"Rua Iguatemi, 192",0.13,196,-23.5845301,-46.6818456,10704,3.674,0.257,1.773,1.248,7.634,3.572,20.713,6.069,0.5719,2026,Conjunto,1,Faria Lima Sul / Itaim,Faria Lima
153,Bela Vista,"Alameda Ministro Rocha Azevedo, 38",0.07090909090909092,133,-23.5582226,-46.656667,13225,0.358,4.114,5.623,5.051,3.799,6.202,16.841,6.371,0.8156,2026,Conjunto,1,Paulista / Jardins,Paulista
154,Barra Funda,"Rua Rubens Porta Nova, 380",0.0525,450,-23.5210051,-46.66432,3089,4.569,7.542,9.026,8.533,2.644,7.845,15.061,6.371,0.8102,2026,Conjunto,1,Lapa / Barra Funda,Barra Funda
155,Itaim Bibi,"Rua Joaquim Floriano, 1052",0.137999724000552,165,-23.5859728,-46.6801504,10920,3.671,0.238,1.721,1.162,7.672,3.789,20.699,6.069,0.6872,2026,Conjunto,1,Faria Lima Sul / Itaim,Itaim
156,Itaim Bibi,"Rua Tabapuã, 81",0.08823529411764705,257,-23.5823061,-46.671305,12585,2.794,1.227,2.615,2.03,6.864,4.546,19.772,6.069,0.6721,2026,Conjunto,1,Faria Lima Sul / Itaim,Itaim
157,Itaim Bibi,"Rua Pedroso Alvarenga, 1208",0.06782608695652174,177,-23.5826126,-46.6821951,12567,3.555,0.466,1.952,1.446,7.48,3.475,20.592,6.371,0.8102,2026,Conjunto,1,Faria Lima Sul / Itaim,Itaim
158,Itaim Bibi,"Avenida Nove de Julho, 5001",0.06,100,-23.5777963,-46.6737443,6699,2.561,1.328,2.84,2.275,6.555,4.225,19.598,6.069,0.6716,2026,Conjunto,1,Faria Lima Sul / Itaim,Jardins
159,Vila Paulistana,"Avenida Paulista, 453",0.07388059701492537,330,-23.5688424,-46.6482664,26529,1.15,4.002,5.37,4.785,4.639,6.826,17.066,6.069,0.443,2026,Conjunto,1,Paulista / Jardins,Paulista
160,Bela Vista,"Rua Vergueiro, 279",0.051,200,-23.5644919,-46.6390867,5605,1.768,5.055,6.407,5.824,4.069,7.81,16.08,6.069,0.4332,2026,Conjunto,1,Paulista / Jardins,Paulista
161,Vila Clementino,"Rua Doutora Neyde Apparecida Sollitto, 432",0.05236363636363636,240,-23.5927217,-46.6498338,4343,3.541,3.373,4.108,3.625,7.284,6.956,19.198,6.069,0.7445,2026,Conjunto,1,JK / Vila Nova Conceição,JK
162,Bela Vista,"Avenida Paulista, 1337",0.06719997312001075,168,-23.5632603,-46.6546888,29399,0.252,3.843,5.317,4.735,4.226,6.264,17.078,6.069,0.2302,2026,Conjunto,1,Paulista / Jardins,Paulista
163,Bela Vista,"Rua Cincinato Braga, 340",0.08842105263157894,202,-23.5677136,-46.6464224,8893,1.211,4.228,5.596,5.011,4.483,7.025,16.846,6.069,0.5069,2026,Conjunto,1,Paulista / Jardins,Paulista
164,Bela Vista,"Alameda Santos, 466",0.048,219,-23.5692422,-46.6486111,13055,1.159,3.95,5.315,4.73,4.69,6.788,17.122,6.069,0.6412,2026,Conjunto,1,Paulista / Jardins,Paulista
165,Paraíso,"Rua Maria Figueiredo, 202",0.04823744292237443,440,-23.5702228,-46.648835,10310,1.229,3.877,5.23,4.646,4.801,6.757,17.218,6.371,0.8345,2026,Conjunto,1,Paulista / Jardins,Paulista
166,Conceição,"Rua Engenheiro Aldo Fontana Pires, 115",0.06697116279069767,1650,-23.6342324,-46.6389194,3024,8.286,6.881,6.495,6.409,11.824,10.237,22.477,7.929,0.7847,2026,Conjunto,1,JK / Vila Nova Conceição,JK
167,Sé,"Rua Riachuelo, 326",0.088,45,-23.5497746,-46.6380757,5319,2.246,6.105,7.569,6.985,2.437,8.294,14.819,5.273,0.6871,2026,Laje,1,Centro,Centro
168,Sé,"Rua Silveira Martins, 53",0.09818181818181818,90,-23.5514424,-46.6312512,3810,2.764,6.521,7.943,7.357,2.75,8.9,14.468,3.908,0.1185,2026,Laje,1,Centro,Centro
169,São Bento,"Rua São Bento, 59",0.07202057730780223,242,-23.5483831,-46.6366512,501,2.455,6.316,7.781,7.197,2.296,8.482,14.607,3.908,0.4332,2026,Conjunto,1,Centro,Centro
170,Liberdade,"Avenida da Liberdade, 21",0.06730104129666672,71,-23.5533239,-46.634701,9366,2.359,6.115,7.541,6.955,2.869,8.504,14.861,3.908,0.1185,2026,Laje,1,Centro,Centro
171,República,"Rua Conselheiro Crispiniano, 139",0.1163636363636364,107,-23.5458018,-46.6397526,7547,2.405,6.292,7.781,7.2,1.991,8.29,14.637,3.908,0.1211,2026,Laje,1,Centro,Centro
172,República,"Avenida São Luís, 187",0.1171875,43,-23.5462948,-46.6425512,925,2.174,6.058,7.555,6.977,2.069,8.006,14.884,4.956,0.623,2026,Conjunto,1,Centro,Centro
173,Sé,"Praça Doutor João Mendes, 42",0.05181818181818182,40,-23.5514258,-46.6355996,6006,2.366,6.175,7.618,7.033,2.646,8.476,14.772,4.956,0.3351,2026,Conjunto,1,Centro,Centro
174,República,"Rua Barão de Itapetininga, 37",0.1043478260869565,71,-23.546304,-46.640406,2422,2.319,6.206,7.695,7.115,2.049,8.207,14.724,3.908,0.1117,2026,Conjunto,1,Centro,Centro
175,República,"Rua Doutor Bráulio Gomes, 36",0.08,43,-23.5461304,-46.6414826,5294,2.259,6.145,7.639,7.059,2.037,8.113,14.791,4.956,0.1185,2026,Conjunto,1,Centro,Centro
176,Consolação,"Rua Álvaro de Carvalho, 48",0.06857142857142857,112,-23.5483913,-46.6405307,5074,2.147,6.03,7.512,6.93,2.281,8.111,14.892,4.956,0.4085,2026,Conjunto,1,Paulista / Jardins,Paulista
177,Sé,"Rua Riachuelo, 231",0.04,177,-23.5510633,-46.63792,6099,2.181,6.021,7.478,6.893,2.581,8.263,14.909,4.158,0.5744,2026,Laje,1,Centro,Centro
178,República,"Rua Doutor Bráulio Gomes, 25",0.09230769230769229,112,-23.5463768,-46.6411478,5294,2.261,6.148,7.64,7.06,2.061,8.134,14.785,4.956,0.1211,2026,Conjunto,1,Centro,Centro
179,Sé,"Rua Senador Feijó, 69",0.1071428571428571,106,-23.5507284,-46.6351053,6039,2.447,6.263,7.708,7.123,2.578,8.548,14.681,3.908,0.1117,2026,Laje,1,Centro,Centro
180,Sé,"Largo São Francisco, 34",0.06,52,-23.54939,-46.6365821,436,2.396,6.246,7.706,7.121,2.408,8.452,14.681,2.313,0.1185,2026,Laje,1,Centro,Centro
181,Sé,"Rua Conde do Pinhal, 8",0.1714285714285714,17,-23.5535691,-46.6341051,540,2.405,6.147,7.568,6.982,2.907,8.555,14.839,2.313,0.1117,2026,Laje,1,Centro,Centro
182,Sé,"Rua Conde do Pinhal, 8",0.16,24,-23.5535691,-46.6341051,540,2.405,6.147,7.568,6.982,2.907,8.555,14.839,2.313,0.1117,2026,Laje,1,Centro,Centro
183,República,"Rua Barão de Itapetininga, 37",0.1515789473684211,37,-23.546304,-46.640406,2422,2.319,6.206,7.695,7.115,2.049,8.207,14.724,2.313,0.1185,2026,Conjunto,1,Centro,Centro
184,República,"Rua Barão de Itapetininga, 37",0.1389473684210527,33,-23.546304,-46.640406,2422,2.319,6.206,7.695,7.115,2.049,8.207,14.724,2.313,0.1185,2026,Conjunto,1,Centro,Centro
185,Santa Cecília,"Rua Santa Ifigênia, 308",0.09818181818181819,30,-23.5391531,-46.6385341,4994,3.054,6.926,8.431,7.855,1.255,8.709,14.05,2.313,0.1185,2026,Laje,1,Centro,Centro
186,República,"Rua Coronel Xavier de Toledo, 137",0.09694117647058824,51,-23.5472117,-46.6394414,7599,2.318,6.202,7.684,7.102,2.147,8.261,14.721,2.313,0.1117,2026,Laje,1,Centro,Centro
187,República,"Rua Barão de Itapetininga, 37",0.1107692307692308,38,-23.546304,-46.640406,2422,2.319,6.206,7.695,7.115,2.049,8.207,14.724,2.313,0.1185,2026,Conjunto,1,Centro,Centro
188,República,"Largo do Paissandu, 72",0.07285714285714284,67,-23.5431793,-46.6375927,501,2.768,6.655,8.145,7.565,1.71,8.606,14.277,4.956,0.1117,2026,Laje,1,Centro,Centro
189,República,"Rua Dom José de Barros, 17",0.125,25,-23.5450875,-46.641648,7588,2.337,6.219,7.717,7.139,1.924,8.143,14.726,2.313,0.1117,2026,Conjunto,1,Centro,Centro
190,República,"Rua Dom José de Barros, 17",0.125,32,-23.5450875,-46.641648,7588,2.337,6.219,7.717,7.139,1.924,8.143,14.726,2.313,0.1185,2026,Conjunto,1,Centro,Centro
191,Sé,"Rua Doutor Rodrigo Silva, 70",0.104,30,-23.5524202,-46.6356826,5815,2.308,6.098,7.536,6.95,2.754,8.436,14.857,4.956,0.1185,2026,Conjunto,1,Centro,Centro
192,Santa Cecília,"Praça Olavo Bilac, 95",0.0759493670886076,32,-23.5341308,-46.652648,2283,3.053,6.59,8.117,7.572,1.509,7.755,14.831,4.956,0.1185,2026,Laje,1,Centro,Centro
193,Bela Vista,"Avenida Nove de Julho, 40",0.0825,65,-23.5487937,-46.6400132,7401,2.157,6.036,7.514,6.931,2.324,8.145,14.885,4.956,0.1185,2026,Conjunto,1,Paulista / Jardins,Paulista
194,República,"Avenida Ipiranga, 877",0.09,40,-23.5419449,-46.6401837,12826,2.704,6.581,8.083,7.506,1.563,8.422,14.381,4.956,0.1185,2026,Conjunto,1,Centro,Centro
195,República,"Rua Conselheiro Crispiniano, 20",0.08250000000000002,132,-23.5467872,-46.640228,7547,2.293,6.179,7.666,7.085,2.101,8.204,14.747,3.908,0.1185,2026,Conjunto,1,Centro,Centro
196,República,"Largo do Paissandu, 72",0.0675,35,-23.5431793,-46.6375927,501,2.768,6.655,8.145,7.565,1.71,8.606,14.277,4.956,0.1185,2026,Laje,1,Centro,Centro
197,República,"Rua Barão de Itapetininga, 37",0.09529627367135005,35,-23.546304,-46.640406,2422,2.319,6.206,7.695,7.115,2.049,8.207,14.724,2.313,0.1117,2026,Conjunto,1,Centro,Centro
198,Santa Cecília,"Praça Olavo Bilac, 95",0.08928571428571427,41,-23.5341308,-46.652648,2283,3.053,6.59,8.117,7.572,1.509,7.755,14.831,4.956,0.1117,2026,Laje,1,Centro,Centro
199,Sé,"Rua José Bonifácio, 355",0.09905660377358491,57,-23.5489467,-46.6376704,6406,2.334,6.197,7.664,7.08,2.348,8.363,14.725,4.956,0.1185,2026,Conjunto,1,Centro,Centro
200,República,"Rua Marconi, 87",0.09176470588235294,44,-23.5455897,-46.6405259,6657,2.369,6.255,7.747,7.168,1.97,8.226,14.679,2.313,0.1185,2026,Laje,1,Centro,Centro
201,República,"Rua Coronel Xavier de Toledo, 123",0.1058823529411765,69,-23.5470797,-46.6394068,7599,2.33,6.214,7.697,7.115,2.133,8.27,14.709,3.908,0.1117,2026,Laje,1,Centro,Centro
202,República,"Rua Marconi, 87",0.1058823529411765,120,-23.5455897,-46.6405259,6657,2.369,6.255,7.747,7.168,1.97,8.226,14.679,3.908,0.1117,2026,Laje,1,Centro,Centro
203,Luz,"Avenida Cásper Líbero, 383",0.07058823529411766,65,-23.5378261,-46.6364613,9936,3.298,7.175,8.678,8.101,1.146,8.964,13.794,4.956,0.5744,2026,Conjunto,1,Centro,Centro
204,Sé,"Rua Benjamim Constant, 138",0.15,90,-23.5497049,-46.6353849,7838,2.48,6.315,7.767,7.182,2.461,8.556,14.62,3.908,0.1185,2026,Conjunto,1,Centro,Centro
205,Sé,"Largo Sete de Setembro, 34",0.0882,32,-23.5525773,-46.6347868,501,2.384,6.159,7.591,7.005,2.786,8.519,14.807,2.313,0.4332,2026,Conjunto,1,Centro,Centro
206,República,"Rua Barão de Itapetininga, 37",0.18354,66,-23.546304,-46.640406,2422,2.319,6.206,7.695,7.115,2.049,8.207,14.724,3.908,0.1185,2026,Conjunto,1,Centro,Centro
207,República,"Rua Bento Freitas, 178",0.06116504854368932,44,-23.5433991,-46.6457043,6026,2.265,6.099,7.613,7.042,1.836,7.845,14.912,4.956,0.364,2026,Laje,1,Centro,Centro
208,República,"Rua Doutor Bráulio Gomes, 25",0.08,43,-23.5463768,-46.6411478,5294,2.261,6.148,7.64,7.06,2.061,8.134,14.785,4.956,0.1117,2026,Conjunto,1,Centro,Centro
209,Sé,"Rua Senador Feijó, 69",0.03428571428571429,70,-23.5507284,-46.6351053,6039,2.447,6.263,7.708,7.123,2.578,8.548,14.681,3.908,0.1117,2026,Laje,1,Centro,Centro
210,República,"Rua Vinte e Quatro de Maio, 35",0.09142857142857141,63,-23.5447292,-46.6392013,7570,2.53,6.417,7.908,7.328,1.872,8.388,14.515,3.908,0.3159,2026,Conjunto,1,Centro,Centro
211,República,"Rua Dom José de Barros, 17",0.1142857142857143,47,-23.5450875,-46.641648,7588,2.337,6.219,7.717,7.139,1.924,8.143,14.726,2.313,0.1185,2026,Conjunto,1,Centro,Centro
212,Liberdade,"Avenida da Liberdade, 21",0.07687927107061504,46,-23.5533239,-46.634701,9366,2.359,6.115,7.541,6.955,2.869,8.504,14.861,2.313,0.1185,2026,Laje,1,Centro,Centro
213,República,"Rua Vinte e Quatro de Maio, 35",0.1090909090909091,60,-23.5447292,-46.6392013,7570,2.53,6.417,7.908,7.328,1.872,8.388,14.515,3.908,0.3159,2026,Conjunto,1,Centro,Centro
214,Sé,"Rua Doutor Rodrigo Silva, 70",0.07363636363636364,41,-23.5524202,-46.6356826,5815,2.308,6.098,7.536,6.95,2.754,8.436,14.857,4.956,0.1211,2026,Conjunto,1,Centro,Centro
215,República,"Rua Barão de Itapetininga, 37",0.09818181818181819,60,-23.546304,-46.640406,2422,2.319,6.206,7.695,7.115,2.049,8.207,14.724,3.908,0.1117,2026,Conjunto,1,Centro,Centro
216,Sé,"Rua Conde do Pinhal, 8",0.06545454545454546,26,-23.5535691,-46.6341051,540,2.405,6.147,7.568,6.982,2.907,8.555,14.839,2.313,0.1185,2026,Laje,1,Centro,Centro
217,São Bento,"Rua São Bento, 59",0.0995633187772926,102,-23.5483831,-46.6366512,501,2.455,6.316,7.781,7.197,2.296,8.482,14.607,3.908,0.4332,2026,Conjunto,1,Centro,Centro
218,Sé,"Rua do Seminário, 199",0.09391304347826088,62,-23.5421838,-46.636486,6989,2.926,6.813,8.303,7.722,1.618,8.754,14.119,3.908,0.3159,2026,Laje,1,Centro,Centro
219,República,"Rua Marconi, 34",0.1147826086956522,91,-23.5460804,-46.6407991,7579,2.31,6.196,7.688,7.108,2.026,8.18,14.736,3.908,0.1185,2026,Conjunto,1,Centro,Centro
220,Sé,"Rua do Seminário, 199",0.1043478260869565,68,-23.5421838,-46.636486,6989,2.926,6.813,8.303,7.722,1.618,8.754,14.119,3.908,0.3351,2026,Laje,1,Centro,Centro
221,Sé,"Praça Doutor João Mendes, 42",0.09391304347826085,69,-23.5514258,-46.6355996,6006,2.366,6.175,7.618,7.033,2.646,8.476,14.772,4.956,0.3159,2026,Conjunto,1,Centro,Centro
222,República,"Rua Bento Freitas, 178",0.05384615384615385,51,-23.5433991,-46.6457043,6026,2.265,6.099,7.613,7.042,1.836,7.845,14.912,4.956,0.5744,2026,Laje,1,Centro,Centro
223,República,"Rua Vinte e Quatro de Maio, 35",0.1147826086956522,70,-23.5447292,-46.6392013,7570,2.53,6.417,7.908,7.328,1.872,8.388,14.515,3.908,0.3159,2026,Conjunto,1,Centro,Centro
224,Liberdade,"Rua Maestro Cardim, 407",0.07088607594936709,28,-23.5648891,-46.6411946,540,1.568,4.846,6.209,5.625,4.117,7.592,16.256,6.371,0.7582,2026,Conjunto,1,Centro,Centro
225,Higienópolis,"Rua Itacolomi, 333",0.06,37,-23.5469565,-46.6562581,10208,1.606,5.165,6.692,6.137,2.722,6.705,15.991,4.956,0.4947,2026,Conjunto,1,Paulista / Jardins,Paulista
226,República,"Rua Dom José de Barros, 17",0.108641975308642,54,-23.5450875,-46.641648,7588,2.337,6.219,7.717,7.139,1.924,8.143,14.726,2.313,0.1185,2026,Conjunto,1,Centro,Centro
227,Consolação,"Rua Maceió, 50",0.048,27,-23.5529723,-46.6602889,7936,1.03,4.38,5.907,5.353,3.502,6.051,16.734,2.313,0.1117,2026,Conjunto,1,Paulista / Jardins,Paulista
228,República,"Rua Marconi, 94",0.1104,110,-23.5455444,-46.6404089,7579,2.38,6.267,7.759,7.179,1.964,8.239,14.667,3.908,0.0995,2026,Conjunto,1,Centro,Centro
229,Consolação,"Rua Frei Caneca, 1407",0.0912,27,-23.5586847,-46.6584121,12754,0.383,3.962,5.477,4.908,3.929,6.017,17.007,4.956,0.5365,2026,Conjunto,1,Paulista / Jardins,Paulista
230,República,"Rua Conselheiro Crispiniano, 105",0.07200000000000001,105,-23.5460461,-46.6398838,7547,2.376,6.263,7.751,7.171,2.018,8.267,14.665,3.908,0.1185,2026,Laje,1,Centro,Centro
231,São Bento,"Rua São Bento, 59",0.1248,100,-23.5483831,-46.6366512,501,2.455,6.316,7.781,7.197,2.296,8.482,14.607,3.908,0.4332,2026,Conjunto,1,Centro,Centro
232,Santa Cecília,"Avenida Angélica, 672",0.05279999999999999,30,-23.538687,-46.6552287,11309,2.527,6.02,7.547,7.002,2.002,7.254,15.343,6.069,0.6478,2026,Conjunto,1,Centro,Centro
233,Sé,"Rua Boa Vista, 254",0.12,55,-23.5454012,-46.6332945,8096,2.927,6.792,8.257,7.673,2.046,8.918,14.131,2.313,0.1185,2026,Conjunto,1,Centro,Centro
234,República,"Rua Marconi, 87",0.06923076923076922,156,-23.5455897,-46.6405259,6657,2.369,6.255,7.747,7.168,1.97,8.226,14.679,3.908,0.1117,2026,Laje,1,Centro,Centro
235,República,"Rua Barão de Itapetininga, 37",0.0923076923076923,72,-23.546304,-46.640406,2422,2.319,6.206,7.695,7.115,2.049,8.207,14.724,3.908,0.1117,2026,Conjunto,1,Centro,Centro
236,República,"Rua Barão de Itapetininga, 37",0.1061538461538462,70,-23.546304,-46.640406,2422,2.319,6.206,7.695,7.115,2.049,8.207,14.724,3.908,0.1117,2026,Conjunto,1,Centro,Centro
237,Sé,"Rua Senador Feijó, 69",0.06923076923076922,70,-23.5507284,-46.6351053,6039,2.447,6.263,7.708,7.123,2.578,8.548,14.681,3.908,0.1185,2026,Laje,1,Centro,Centro
238,Liberdade,"Avenida da Liberdade, 21",0.0741906474820144,61,-23.5533239,-46.634701,9366,2.359,6.115,7.541,6.955,2.869,8.504,14.861,3.908,0.1211,2026,Laje,1,Centro,Centro
239,República,"Rua Doutor Bráulio Gomes, 153",0.06729726698321307,79,-23.5473422,-46.6412905,5294,2.173,6.06,7.549,6.968,2.17,8.081,14.869,3.908,0.443,2026,Laje,1,Centro,Centro
240,Liberdade,"Rua José Getúlio, 360",0.04285714285714286,30,-23.568835,-46.6345483,5097,2.347,5.261,6.525,5.951,4.58,8.22,16.149,5.273,0.7753,2026,Laje,1,Centro,Centro
241,Sé,"Rua Riachuelo, 44",0.04137931034482759,67,-23.5509581,-46.6356475,6143,2.386,6.204,7.651,7.065,2.594,8.487,14.738,3.908,0.4332,2026,Conjunto,1,Centro,Centro
242,Sé,"Rua Venceslau Brás, 16",0.06206896551724138,75,-23.5496503,-46.6329853,6506,2.694,6.506,7.947,7.362,2.508,8.79,14.445,3.908,0.2302,2026,Conjunto,1,Centro,Centro
243,Lapa,"Rua Dronsfield, 413",0.08181818181818182,40,-23.5183172,-46.7066236,2524,7.034,8.008,9.116,8.832,6.926,6.261,18.849,4.158,0.6092,2026,Conjunto,1,Lapa / Barra Funda,Barra Funda
244,Lapa,"Rua Afonso Sardinha, 95",0.1276595744680851,34,-23.5223397,-46.7047912,4606,6.596,7.525,8.642,8.353,6.685,5.849,18.845,5.273,0.7582,2026,Conjunto,1,Lapa / Barra Funda,Barra Funda
245,Lapa,"Avenida Francisco Matarazzo, 229",0.05142857142857143,26,-23.5245011,-46.6840269,5711,4.994,6.93,8.281,7.874,4.555,6.355,17.022,5.273,0.7582,2026,Conjunto,1,Lapa / Barra Funda,Barra Funda
246,Lapa,"Rua Domingos Rodrigues, 341",0.06101694915254237,39,-23.5212455,-46.7073267,4374,6.871,7.723,8.811,8.535,6.955,5.929,19.037,6.371,0.8225,2026,Conjunto,1,Lapa / Barra Funda,Barra Funda
247,Lapa,"Rua Antônio Raposo, 152",0.06851704996034892,26,-23.5211302,-46.7063576,3059,6.804,7.703,8.804,8.522,6.858,5.955,18.941,6.371,0.7755,2026,Conjunto,1,Lapa / Barra Funda,Barra Funda
