variavel,Ridge,Árvore,MLP,Média
Região: Vila Olímpia,0.1478,0.4119,0.5476,0.3691
Padrão,0.0890,0.5053,0.2183,0.2709
Área (m²),0.0084,0.3594,0.1208,0.1629
Estado,0.0659,0.1941,0.1202,0.1267
Ano: 2026,0.0722,0.0000,0.1035,0.0586
Região: Centro,0.0083,0.0000,0.1289,0.0457
Ano: 2024,0.0151,0.0000,0.1155,0.0435
Região: Faria Lima,0.0001,0.0000,0.1277,0.0426
Região: Paulista,0.0376,0.0157,0.0510,0.0347
Região: Itaim,0.0045,0.0000,0.0881,0.0309
Região: Chucri Zaidan,0.0002,0.0000,0.0888,0.0297
Ano: 2025,0.0082,0.0000,0.0406,0.0162
Região: JK,0.0111,0.0000,0.0314,0.0142
Região: Chácara Santo Antônio,-0.0000,0.0000,0.0325,0.0108
Região: Jardins,0.0178,0.0000,0.0126,0.0101
Região: Marginal Pinheiros,0.0014,0.0000,0.0207,0.0074
