id,cap_rate_obs,Ridge,Árvore,MLP,Ensemble
1,14.619274,10.030754,11.446092,10.782582,10.977755
2,14.619245,8.140298,11.118014,8.632539,10.124723
3,9.638554,9.810745,7.166138,6.981628,7.656050
4,9.638554,9.550462,7.043130,8.451176,7.738847
5,9.233686,5.570278,5.876614,6.195004,5.959537
6,9.230769,6.796070,7.261149,6.172899,7.063238
7,9.000246,7.692219,6.132799,6.430138,6.536575
8,8.909452,8.543386,7.043130,9.933981,7.768826
9,8.900522,7.877093,7.043130,7.306431,7.277396
10,8.640000,6.578774,5.842469,6.462572,6.155915
11,8.400541,6.143692,7.835459,5.461491,7.213961
12,8.400113,4.419729,7.700540,4.735101,6.716239
13,8.400000,7.677427,6.506881,6.474623,6.780053
14,8.307692,6.613220,6.470116,6.228015,6.531222
15,8.163265,7.104268,6.550928,7.719994,6.882232
16,8.163265,7.833644,7.946168,6.961647,7.799706
17,8.053691,6.917364,5.842469,5.938922,6.142277
18,8.018146,5.546333,6.470116,6.606127,6.393992
19,7.964998,5.456196,6.132799,7.390789,6.272792
20,7.896107,7.421249,6.132799,8.563822,6.790414
21,7.895442,7.344565,7.023011,7.865889,7.248525
22,7.871510,7.345561,6.128555,6.757288,6.518209
23,7.714286,6.179962,6.506881,4.684150,6.258574
24,7.627119,7.105840,6.470116,6.935341,6.719536
25,7.578947,6.710919,5.842469,6.492092,6.183730
26,7.508236,6.328074,6.598932,6.422978,6.590432
27,7.508236,6.886074,6.497667,6.126714,6.583330
28,7.369838,5.520158,6.497667,5.868036,6.302402
29,7.323939,5.614487,6.506881,6.034117,6.348708
30,7.199944,6.439695,6.506881,8.623516,6.863153
31,7.157895,6.067584,6.598932,7.275345,6.664610
32,7.157895,7.151707,6.506881,9.798952,7.157024
33,7.090955,6.832837,6.497667,5.496485,6.484518
34,7.090686,6.650160,6.553873,5.216478,6.448210
35,7.000000,9.653148,11.853272,10.533828,11.136021
36,6.988803,7.458727,6.506881,6.798288,6.786798
37,6.900000,6.411474,6.497667,7.480901,6.690314
38,6.857143,8.195723,11.118014,8.626021,10.133712
39,6.857143,9.277992,7.835459,7.480870,8.060601
40,6.842271,8.775287,7.043130,6.768839,7.361862
41,6.800335,6.175169,6.470116,5.176163,6.303856
42,6.792265,8.285252,7.166138,6.773874,7.353798
43,6.771157,6.731146,7.261149,6.270985,7.065524
44,6.697674,5.481105,6.470116,4.804941,6.127135
45,6.666667,6.862327,6.470116,6.462797,6.609036
46,6.571611,5.746406,6.132799,5.736382,6.090297
47,6.545017,5.057723,5.876614,4.725313,5.659647
48,6.455000,8.011312,11.853272,7.573643,10.422999
49,6.428571,6.992402,7.817012,7.730076,7.675330
50,6.428571,7.381483,6.470116,7.273574,6.816752
51,6.400000,6.631972,6.550928,6.311630,6.598231
52,6.386087,7.412982,7.261149,6.942420,7.282592
53,6.386087,7.577480,5.753362,6.043165,6.217975
54,6.352941,7.745403,6.470116,8.364518,7.036400
55,6.315789,6.675535,7.023011,7.107011,7.021359
56,6.315789,6.898950,6.598932,5.922869,6.621672
57,6.299699,6.403353,6.506881,6.986943,6.624784
58,6.290860,6.446314,6.780532,5.529586,6.601425
59,6.231692,7.366599,6.550928,7.428470,6.887844
60,6.230364,6.454414,6.470116,6.715101,6.571832
61,6.169912,7.682913,6.132799,6.398241,6.530391
62,6.164782,6.684981,6.497667,4.563679,6.325916
63,6.040268,6.634089,6.497667,8.421433,6.863380
64,6.000000,6.918988,6.780532,5.233186,6.643964
65,6.000000,7.699773,7.453380,7.383040,7.519546
66,6.000000,7.325477,6.506881,7.533195,6.867089
67,6.000000,7.525053,6.598932,7.189959,6.913164
68,6.000000,7.215922,6.132799,7.053208,6.539671
69,5.999656,6.196177,7.835459,6.432046,7.360855
70,5.900000,6.549869,6.506881,6.483372,6.579641
71,5.850000,7.679732,7.453380,7.506789,7.533495
72,5.738696,6.384741,5.753362,5.531974,5.932242
73,5.713868,7.917584,7.043130,7.316928,7.286125
74,5.600000,5.469992,6.506881,6.607733,6.404137
75,5.580929,6.622732,7.883955,6.730823,7.510561
76,5.571084,7.227707,6.506881,4.025607,6.352650
77,5.526316,7.433318,6.497667,6.963963,6.799820
78,5.526316,7.145383,6.497667,6.934961,6.744217
79,5.517241,7.792045,7.453380,7.489724,7.551163
80,5.345455,6.593349,7.261149,6.537908,7.078698
81,5.345455,7.160747,6.470116,6.018960,6.599523
82,5.280262,6.274126,6.470116,7.296979,6.622030
83,5.222000,5.912099,6.506881,3.396191,6.028193
84,5.214462,7.823137,7.043130,7.869236,7.347485
85,5.200000,6.137084,6.506881,4.648044,6.245791
86,5.195518,8.978710,7.166138,7.352781,7.559834
87,5.142900,5.720300,6.132799,5.692877,6.079464
88,5.054479,7.254238,7.023011,6.514566,7.040916
89,4.944981,7.275165,6.550928,4.945471,6.519702
90,4.799965,6.421075,8.019508,5.931956,7.448216
91,4.785137,8.996970,7.166138,7.030026,7.517372
92,4.754676,6.849145,5.896072,6.675427,6.268789
93,4.615385,6.991933,6.550928,7.713220,6.861182
94,4.615385,7.016670,6.506881,9.420543,7.079261
95,4.509858,5.943437,6.470116,6.743642,6.484493
96,4.500360,7.377504,5.670204,6.313775,6.167240
97,4.400400,5.313670,6.132799,4.936713,5.899610
98,4.399919,6.168249,7.261149,6.011844,6.928141
99,4.195405,5.101335,5.876614,6.055606,5.855922
100,6.342857,6.505344,7.023011,8.043984,7.123672
101,6.000000,5.990519,7.453380,5.935390,7.008762
102,6.260870,7.528963,6.506881,7.882556,6.952977
103,12.857141,7.172782,6.890378,6.825098,6.985315
104,7.350000,6.661189,7.023011,5.645173,6.811680
105,8.363636,7.414293,7.835459,7.182611,7.685042
106,6.800000,6.449677,6.470116,6.969432,6.607018
107,4.666648,5.756836,7.023011,9.179112,7.150634
108,17.142816,8.271676,11.118014,9.909101,10.329081
109,5.014102,7.011224,6.506881,8.420022,6.936534
110,11.865169,7.179751,6.132799,7.097842,6.539526
111,4.615385,7.396967,6.470116,7.905376,6.909035
112,3.142857,7.652483,7.453380,8.169835,7.622562
113,5.761024,7.126562,5.388176,7.349319,6.088272
114,6.704545,7.199758,7.261149,7.848312,7.372806
115,11.999978,8.286929,10.528627,7.419254,9.601198
116,3.870918,7.672120,6.506881,7.807581,6.967957
117,3.179984,7.610590,6.550928,8.403410,7.069608
118,13.263144,7.058592,5.842469,7.426717,6.378325
119,17.142816,8.276479,10.528627,7.362623,9.591305
120,6.985075,6.986131,7.844394,6.952588,7.581609
121,6.728972,7.980481,7.844394,7.976747,7.904540
122,6.382979,7.307404,7.883955,7.058696,7.679460
123,7.492683,7.391014,6.497667,6.803814,6.769564
124,3.562500,8.096651,5.896072,8.457767,6.744413
125,9.428571,8.315959,8.328531,8.282444,8.318223
126,5.333333,6.648766,7.453380,5.646220,7.085513
127,6.119991,7.573046,7.261149,6.321821,7.223291
128,6.576206,7.233746,6.506881,6.563603,6.713312
129,7.015376,6.199110,6.497667,6.573886,6.523829
130,7.879518,8.449449,11.118014,9.742893,10.337326
131,8.101622,7.606626,6.550928,8.472300,7.078660
132,12.367347,9.541374,11.853272,10.448783,11.103983
133,11.460674,9.502493,11.230281,9.583578,10.575053
134,6.091371,9.433606,7.043130,10.366684,7.989337
135,8.615385,6.813030,5.896072,5.996749,6.166176
136,8.626934,9.636859,7.166138,9.403368,7.968063
137,9.428566,8.277560,10.528627,7.368481,9.592329
138,7.341155,9.468835,11.446092,11.024031,10.911471
139,7.348323,9.684268,7.166138,10.557756,8.140095
140,5.436735,8.593453,7.494962,7.056749,7.659800
141,7.078652,9.725187,7.166138,10.390798,8.123759
142,12.734694,9.503539,11.446092,11.047330,10.920978
143,7.866662,9.796285,11.446092,10.673641,10.920388
144,15.000000,8.277077,10.528627,7.509940,9.612284
145,7.500000,6.484737,7.453380,6.108763,7.121711
146,3.405359,7.252134,5.896072,6.400806,6.301951
147,6.845333,7.026393,7.101662,7.186395,7.145775
148,8.727273,7.074787,7.261149,7.463362,7.295916
149,11.162791,7.582709,7.453380,7.934297,7.576712
150,6.439024,7.198816,6.608634,6.457206,6.757224
151,7.565217,6.786521,7.700540,6.698081,7.417628
152,13.000000,7.387610,6.608634,7.143923,6.888281
153,7.090909,6.563104,6.506881,7.473669,6.722313
154,5.250000,7.309636,6.506881,3.545535,6.299286
155,13.799972,7.180138,7.261149,7.836609,7.367638
156,8.823529,7.019978,7.835459,7.074828,7.599252
157,6.782609,6.817883,6.132799,7.271324,6.499388
158,6.000000,6.985120,6.550928,5.973082,6.613422
159,7.388060,7.076292,7.730259,6.997967,7.530991
160,5.100000,6.856990,7.700540,6.698220,7.430250
161,5.236364,7.196696,7.883955,6.996283,7.650818
162,6.719997,7.460273,7.730259,7.215182,7.630437
163,8.842105,6.773918,7.700540,6.609178,7.402778
164,4.800000,6.855414,5.896072,7.194101,6.343396
165,4.823744,6.174982,6.497667,6.725070,6.540934
166,6.697116,5.599721,6.506881,8.918396,6.754711
167,8.800000,8.200645,8.019508,5.390088,7.689701
168,9.818182,9.435705,9.202269,9.035443,9.185308
169,7.202058,8.849807,8.949292,7.925539,8.761094
170,6.730104,8.925613,9.486389,9.475317,9.338552
171,11.636364,9.114259,8.841333,9.308051,8.935051
172,11.718750,8.383564,5.896072,5.686906,6.403150
173,5.181818,8.926946,7.700540,8.485029,8.053594
174,10.434783,9.140378,8.841333,9.389248,8.951226
175,8.000000,8.745155,8.816766,8.600811,8.753089
176,6.857143,7.445016,7.700540,6.190211,7.463438
177,4.000000,8.985830,7.453380,8.525269,7.911374
178,9.230769,9.138737,7.700540,8.954681,8.158010
179,10.714286,9.124869,8.841333,9.341473,8.941683
180,6.000000,9.222381,10.876030,10.936918,10.489591
181,17.142857,9.880972,11.188629,11.490934,10.886270
182,16.000000,9.626888,10.489576,10.710108,10.282046
183,15.157895,9.613773,10.489576,10.665005,10.273311
184,13.894737,9.615545,10.489576,10.671351,10.274527
185,9.818182,9.864617,11.188629,11.434925,10.875410
186,9.694118,10.424135,10.182639,11.565541,10.349048
187,11.076923,10.421456,11.717913,11.569417,11.333368
188,7.285714,8.741590,8.816766,8.589981,8.750917
189,12.500000,9.237127,10.876030,11.008025,10.502303
190,12.500000,9.229562,10.876030,10.971181,10.495730
191,10.400000,9.100122,8.209935,8.313774,8.386870
192,7.594937,8.749104,8.816766,8.616726,8.756050
193,8.250000,7.936966,7.101662,7.036445,7.287377
194,9.000000,9.100568,8.328531,8.165199,8.441930
195,8.250000,9.105994,8.841333,9.282436,8.929943
196,6.750000,9.102370,8.328531,8.169386,8.442846
197,9.529627,10.430185,11.717913,11.593028,11.338275
198,8.928571,9.108719,8.328531,8.189998,8.446901
199,9.905660,8.833248,8.439209,8.568494,8.522216
200,9.176471,9.610671,10.489576,10.653901,10.271183
201,10.588235,9.451784,10.457482,9.078093,9.998932
202,10.588235,9.365827,9.647084,10.101929,9.609077
203,7.058824,8.398532,7.869186,7.244084,7.891394
204,15.000000,8.918791,9.486389,9.447463,9.333385
205,8.820000,8.995746,7.869186,9.891923,8.373344
206,18.354000,8.927408,8.816766,9.482648,8.910621
207,6.116505,8.747422,7.730259,6.782928,7.799388
208,8.000000,8.750207,8.816766,8.624706,8.757378
209,3.428571,9.391937,9.647084,10.209648,9.629008
210,9.142857,9.198358,10.457482,8.328268,9.847375
211,11.428571,9.224176,10.876030,10.945484,10.491126
212,7.687927,9.989045,10.457482,10.561008,10.305114
213,10.909091,9.109875,8.949292,8.975521,8.956366
214,7.363636,8.837526,8.439209,8.581627,8.524842
215,9.818182,8.934614,8.816766,9.514415,8.916411
216,6.545455,9.866705,11.188629,11.442764,10.876894
217,9.956332,8.778905,7.946168,8.242001,8.150156
218,9.391304,9.108830,8.949292,8.972430,8.955741
219,11.478261,8.918432,9.486389,9.445997,9.333113
220,10.434783,8.900076,7.946168,8.629927,8.226787
221,9.391304,8.802038,7.730259,7.042102,7.845875
222,5.384615,8.342802,7.946168,7.351891,7.946053
223,11.478261,8.919957,8.841333,8.693391,8.813217
224,7.088608,7.788721,7.453380,6.800370,7.452901
225,6.000000,7.478501,7.730259,7.507703,7.675141
226,10.864198,9.852084,11.188629,11.388030,10.866524
227,4.800000,8.849811,12.089607,7.765953,10.751714
228,11.040000,9.388213,9.647084,10.173679,9.623246
229,9.120000,7.334195,7.700540,6.195441,7.444360
230,7.200000,9.364093,9.647084,10.109555,9.609848
231,12.480000,9.038205,9.202269,7.849959,8.946260
232,5.280000,7.947760,7.946168,6.941250,7.817225
233,12.000000,9.221304,10.876030,10.931779,10.488670
234,6.923077,9.628972,10.446976,9.936831,10.145551
235,9.230769,9.139935,8.841333,9.387889,8.950954
236,10.615385,9.140821,8.841333,9.390608,8.951498
237,6.923077,9.442912,9.202269,9.051990,9.188941
238,7.419065,9.134642,10.489576,9.370836,10.004266
239,6.729727,9.288060,8.400190,9.209360,8.669338
240,4.285714,8.204207,6.550928,7.007046,6.977934
241,4.137931,9.050097,10.457482,7.880435,9.757411
242,6.206897,9.527249,8.400190,9.758329,8.789892
243,8.181818,8.458885,7.946168,6.075228,7.785936
244,12.765957,7.779617,6.550928,4.988710,6.616043
245,5.142857,7.978388,7.946168,5.545654,7.624975
246,6.101695,7.582503,6.553873,5.483493,6.652780
247,6.851705,7.570036,6.550928,4.965602,6.575288
